{"cameraMode":{"drawMode":0,"name":"Shaded","section":"Shading Mode"},"sceneLighting":false,"audioPlay":false,"sceneViewState":{"showFog":true,"showMaterialUpdate":false,"showSkybox":false,"showFlares":true,"showImageEffects":true,"showParticleSystems":true},"in2DMode":false,"pivot":{"x":31.044086456298829,"y":-11.08199405670166,"z":45.573978424072269},"rotation":{"x":0.14543546736240388,"y":0.3944568932056427,"z":-0.06338262557983399,"w":0.9051160216331482},"size":60.75540542602539,"orthographic":false}