{"cameraMode":{"drawMode":0,"name":"Shaded","section":"Shading Mode"},"sceneLighting":false,"audioPlay":false,"sceneViewState":{"showFog":true,"showMaterialUpdate":false,"showSkybox":false,"showFlares":true,"showImageEffects":true,"showParticleSystems":true},"in2DMode":false,"pivot":{"x":-0.028924882411956788,"y":0.8628959655761719,"z":0.16064372658729554},"rotation":{"x":0.03020113706588745,"y":0.6396839618682861,"z":-0.025167115032672883,"w":0.767632007598877},"size":4.984181880950928,"orthographic":false}