{"cameraMode":{"drawMode":0,"name":"Shaded","section":"Shading Mode"},"sceneLighting":false,"audioPlay":false,"sceneViewState":{"showFog":true,"showMaterialUpdate":false,"showSkybox":false,"showFlares":true,"showImageEffects":true,"showParticleSystems":true},"in2DMode":false,"pivot":{"x":71.0169677734375,"y":3.769314765930176,"z":100.33573150634766},"rotation":{"x":-0.037256862968206409,"y":0.37344494462013247,"z":0.015012415125966072,"w":0.9267823100090027},"size":146.325439453125,"orthographic":false}