{"cameraMode":{"drawMode":0,"name":"Shaded","section":"Shading Mode"},"sceneLighting":false,"audioPlay":false,"sceneViewState":{"showFog":true,"showMaterialUpdate":false,"showSkybox":false,"showFlares":true,"showImageEffects":true,"showParticleSystems":true},"in2DMode":false,"pivot":{"x":5.145906925201416,"y":6.935537338256836,"z":15.071854591369629},"rotation":{"x":0.09162098169326782,"y":0.9083574414253235,"z":-0.29179221391677859,"w":0.28521865606307986},"size":74.14501190185547,"orthographic":false}