{"cameraMode":{"drawMode":0,"name":"Shaded","section":"Shading Mode"},"sceneLighting":false,"audioPlay":false,"sceneViewState":{"showFog":true,"showMaterialUpdate":false,"showSkybox":false,"showFlares":true,"showImageEffects":true,"showParticleSystems":true},"in2DMode":false,"pivot":{"x":2.9867730140686037,"y":5.530074119567871,"z":2.03054141998291},"rotation":{"x":-0.3382702171802521,"y":0.22393247485160829,"z":-0.08322081714868546,"w":-0.9102208018302918},"size":20.004344940185548,"orthographic":false}