{"cameraMode":{"drawMode":0,"name":"Shaded","section":"Shading Mode"},"sceneLighting":false,"audioPlay":false,"sceneViewState":{"showFog":true,"showMaterialUpdate":false,"showSkybox":true,"showFlares":true,"showImageEffects":true,"showParticleSystems":true},"in2DMode":false,"pivot":{"x":0.5797615051269531,"y":5.0,"z":-2.6133511066436769},"rotation":{"x":0.019601216539740564,"y":0.6393308043479919,"z":-0.016306474804878236,"w":0.7685089111328125},"size":6.757885456085205,"orthographic":false}