{"cameraMode":{"drawMode":0,"name":"Shaded","section":"Shading Mode"},"sceneLighting":true,"audioPlay":false,"sceneViewState":{"showFog":true,"showMaterialUpdate":false,"showSkybox":true,"showFlares":true,"showImageEffects":true,"showParticleSystems":true},"in2DMode":false,"pivot":{"x":-194.87527465820313,"y":217.87008666992188,"z":736.01708984375},"rotation":{"x":-0.2448493242263794,"y":0.6733089685440064,"z":-0.25367334485054018,"w":-0.6498873829841614},"size":1190.89111328125,"orthographic":false}