{"cameraMode":{"drawMode":0,"name":"Shaded","section":"Shading Mode"},"sceneLighting":false,"audioPlay":false,"sceneViewState":{"showFog":true,"showMaterialUpdate":false,"showSkybox":true,"showFlares":true,"showImageEffects":true,"showParticleSystems":true},"in2DMode":false,"pivot":{"x":-46.49481964111328,"y":15.230036735534668,"z":128.21612548828126},"rotation":{"x":0.0401318222284317,"y":0.5040371417999268,"z":-0.023454749956727029,"w":0.862430214881897},"size":0.28699618577957156,"orthographic":false}