{"cameraMode":{"drawMode":0,"name":"Shaded","section":"Shading Mode"},"sceneLighting":true,"audioPlay":false,"sceneViewState":{"showFog":true,"showMaterialUpdate":false,"showSkybox":true,"showFlares":true,"showImageEffects":true,"showParticleSystems":true},"in2DMode":false,"pivot":{"x":-102.74330139160156,"y":-109.78831481933594,"z":145.70352172851563},"rotation":{"x":-0.4635801911354065,"y":-0.2571651041507721,"z":0.8358322381973267,"w":-0.142632395029068},"size":236.94192504882813,"orthographic":false}