{"cameraMode":{"drawMode":0,"name":"Shaded","section":"Shading Mode"},"sceneLighting":true,"audioPlay":false,"sceneViewState":{"showFog":true,"showMaterialUpdate":false,"showSkybox":true,"showFlares":true,"showImageEffects":true,"showParticleSystems":true},"in2DMode":false,"pivot":{"x":16.822006225585939,"y":3.2873384952545168,"z":1.6248540878295899},"rotation":{"x":0.07950824499130249,"y":0.7123251557350159,"z":-0.08178207278251648,"w":0.6925194263458252},"size":10.0,"orthographic":false}