{"cameraMode":{"drawMode":0,"name":"Shaded","section":"Shading Mode"},"sceneLighting":false,"audioPlay":false,"sceneViewState":{"showFog":true,"showMaterialUpdate":false,"showSkybox":false,"showFlares":true,"showImageEffects":true,"showParticleSystems":true},"in2DMode":false,"pivot":{"x":-0.004663705825805664,"y":-1.7033579349517823,"z":-0.723334550857544},"rotation":{"x":-0.03488008677959442,"y":0.9232524037361145,"z":-0.08639927953481674,"w":-0.3727245330810547},"size":10.255047798156739,"orthographic":false}