{"cameraMode":{"drawMode":0,"name":"Shaded","section":"Shading Mode"},"sceneLighting":true,"audioPlay":false,"sceneViewState":{"showFog":true,"showMaterialUpdate":false,"showSkybox":true,"showFlares":true,"showImageEffects":true,"showParticleSystems":true},"in2DMode":false,"pivot":{"x":-2.7480084896087648,"y":5.307153224945068,"z":13.486376762390137},"rotation":{"x":0.10360835492610932,"y":-0.022383252158761026,"z":0.002332540927454829,"w":0.99436354637146},"size":23.59023666381836,"orthographic":false}