{"cameraMode":{"drawMode":0,"name":"Shaded","section":"Shading Mode"},"sceneLighting":false,"audioPlay":false,"sceneViewState":{"showFog":true,"showMaterialUpdate":false,"showSkybox":false,"showFlares":true,"showImageEffects":true,"showParticleSystems":true},"in2DMode":false,"pivot":{"x":0.19141578674316407,"y":4.067483901977539,"z":-3.187554121017456},"rotation":{"x":-0.1017758846282959,"y":0.7127478122711182,"z":-0.10576095432043076,"w":-0.685891330242157},"size":28.865575790405275,"orthographic":false}