{"cameraMode":{"drawMode":0,"name":"Shaded","section":"Shading Mode"},"sceneLighting":false,"audioPlay":false,"sceneViewState":{"showFog":true,"showMaterialUpdate":false,"showSkybox":false,"showFlares":true,"showImageEffects":true,"showParticleSystems":true},"in2DMode":false,"pivot":{"x":-7.605704307556152,"y":3.482548236846924,"z":2.1969285011291506},"rotation":{"x":-0.06134527549147606,"y":0.8457822203636169,"z":-0.09967631846666336,"w":-0.5205321907997131},"size":28.865575790405275,"orthographic":false}