{"cameraMode":{"drawMode":0,"name":"Shaded","section":"Shading Mode"},"sceneLighting":false,"audioPlay":false,"sceneViewState":{"showFog":true,"showMaterialUpdate":false,"showSkybox":false,"showFlares":true,"showImageEffects":true,"showParticleSystems":true},"in2DMode":false,"pivot":{"x":22.549880981445314,"y":31.32027244567871,"z":1.6467609405517579},"rotation":{"x":0.19340373575687409,"y":-0.7786498069763184,"z":0.2880496084690094,"w":0.5228067636489868},"size":36.03120803833008,"orthographic":false}