{"cameraMode":{"drawMode":0,"name":"Shaded","section":"Shading Mode"},"sceneLighting":false,"audioPlay":false,"sceneViewState":{"showFog":true,"showMaterialUpdate":false,"showSkybox":false,"showFlares":true,"showImageEffects":true,"showParticleSystems":true},"in2DMode":false,"pivot":{"x":9.366561889648438,"y":-5.509429931640625,"z":-6.221370697021484},"rotation":{"x":0.05054779723286629,"y":0.891135573387146,"z":-0.4390878975391388,"w":0.10258734971284867},"size":70.48977661132813,"orthographic":false}