{"cameraMode":{"drawMode":0,"name":"Shaded","section":"Shading Mode"},"sceneLighting":true,"audioPlay":false,"sceneViewState":{"showFog":true,"showMaterialUpdate":false,"showSkybox":true,"showFlares":true,"showImageEffects":true,"showParticleSystems":true},"in2DMode":false,"pivot":{"x":2.536503791809082,"y":10.982057571411133,"z":8.734713554382325},"rotation":{"x":-0.1969602108001709,"y":0.022642528638243676,"z":-0.0045500765554606918,"w":-0.9801394939422607},"size":35.840362548828128,"orthographic":false}