{"cameraMode":{"drawMode":0,"name":"Shaded","section":"Shading Mode"},"sceneLighting":true,"audioPlay":false,"sceneViewState":{"showFog":true,"showMaterialUpdate":false,"showSkybox":true,"showFlares":true,"showImageEffects":true,"showParticleSystems":true},"in2DMode":false,"pivot":{"x":6.545000076293945,"y":7.595000267028809,"z":-5.050000190734863},"rotation":{"x":-0.008237524889409542,"y":0.9699785113334656,"z":-0.24077525734901429,"w":-0.03318534046411514},"size":7.739924907684326,"orthographic":false}