{"cameraMode":{"drawMode":0,"name":"Shaded","section":"Shading Mode"},"sceneLighting":true,"audioPlay":false,"sceneViewState":{"showFog":true,"showMaterialUpdate":false,"showSkybox":true,"showFlares":true,"showImageEffects":true,"showParticleSystems":true},"in2DMode":false,"pivot":{"x":23.649999618530275,"y":1.5999999046325684,"z":-2.7595129013061525},"rotation":{"x":-0.1624598652124405,"y":0.6881909370422363,"z":-0.1624598503112793,"w":-0.6881910562515259},"size":22.0,"orthographic":false}