{"cameraMode":{"drawMode":0,"name":"Shaded","section":"Shading Mode"},"sceneLighting":true,"audioPlay":false,"sceneViewState":{"showFog":true,"showMaterialUpdate":false,"showSkybox":true,"showFlares":true,"showImageEffects":true,"showParticleSystems":true},"in2DMode":false,"pivot":{"x":19.13745880126953,"y":1.2750425338745118,"z":11.95787239074707},"rotation":{"x":-0.1624598652124405,"y":0.6881909370422363,"z":-0.1624598503112793,"w":-0.6881910562515259},"size":18.949491500854493,"orthographic":false}