{"cameraMode":{"drawMode":0,"name":"Shaded","section":"Shading Mode"},"sceneLighting":true,"audioPlay":false,"sceneViewState":{"showFog":true,"showMaterialUpdate":false,"showSkybox":true,"showFlares":true,"showImageEffects":true,"showParticleSystems":true},"in2DMode":false,"pivot":{"x":20.992870330810548,"y":-2.435741424560547,"z":7.306286334991455},"rotation":{"x":-0.1624598652124405,"y":0.6881909370422363,"z":-0.1624598503112793,"w":-0.6881910562515259},"size":27.428359985351564,"orthographic":false}